{"ratio": [], "shift": [["Demande d'archivage,DOCUMENT", 0], ["Demande d'archivage,USER", 0], ["A role,ROLE", 0], ["A role,USER", 0], ["Enregistre,DOCUMENT", 0], ["Enregistre,USER", 0], ["A compte,COMPTE", 0], ["A compte,USER", 0]], "colors": [["annotation_color", "#b2182b"], ["annotation_text_color", "#ffffff"], ["association_attribute_text_color", "#000000"], ["association_cartouche_color", "#f4a582"], ["association_cartouche_text_color", "#000000"], ["association_color", "#fddbc7"], ["association_stroke_color", "#d6604d"], ["background_color", "#ffffff"], ["card_text_color", "#4d4d4d"], ["entity_attribute_text_color", "#000000"], ["entity_cartouche_color", "#bababa"], ["entity_cartouche_text_color", "#000000"], ["entity_color", "#e0e0e0"], ["entity_stroke_color", "#878787"], ["leg_stroke_color", "#d6604d"], ["transparent_color", "none"]], "cy": [["ROLE", 102], ["Demande d'archivage", 102], ["DOCUMENT", 102], ["A role", 245], ["USER", 245], ["Enregistre", 245], ["COMPTE", 346], ["A compte", 346]], "cx": [["ROLE", 45], ["Demande d'archivage", 172], ["DOCUMENT", 318], ["A role", 45], ["USER", 172], ["Enregistre", 318], ["COMPTE", 45], ["A compte", 172]], "size": [368, 397]}